Date,Toyota,Ford,GM
1/3/94,0.01342753,0.0005857,0.0230653
1/10/94,0.00491223,0.02391216,0.02471091
1/17/94,-0.0033169,-0.0050144,-0.0026608
1/24/94,0.0192548,-0.0119304,-0.0118745
1/31/94,0.01080492,0.01749831,0.01717984
2/7/94,-0.0029821,-0.0157738,-0.0022027
2/14/94,0.01207196,-0.0069396,-0.0098268
2/22/94,0.01762822,-0.0208979,-0.0111344
2/28/94,0.0099207,0.02495949,0.02710074
3/7/94,0.00567391,0.00287804,0.00619711
3/14/94,-0.0028277,-0.0278375,-0.0212609
3/21/94,-0.0112453,-0.0086491,-0.0223555
3/28/94,0.00139015,-0.0107395,-0.023569
4/4/94,0,-0.0032099,0.03016362
4/11/94,0.01120983,-0.0006448,0.00557391
4/18/94,-0.0013547,-0.0198041,-0.0217666
4/25/94,0,0.02429794,0.00864774
5/2/94,-0.0069628,-0.0032051,-0.0140185
5/9/94,-0.0028924,0,-0.0101061
5/16/94,0.00985516,0.01330547,0.01499136
5/23/94,0.0177633,-0.0133055,-0.0088334
5/31/94,0.00141849,-0.0084458,-0.0183972
6/6/94,0.00399408,0.00196366,-0.0052033
6/13/94,0.0168579,0.02041113,0.02061561
6/20/94,0.01644457,-0.0158635,-0.02712
6/27/94,-0.0024981,0.00958746,0
7/5/94,0.00498199,0.01613279,0.00650443
7/11/94,0.004819,0.01378828,0.00416759
7/18/94,-0.0084958,-0.0065398,-0.0138719
7/25/94,-0.0137918,0.0129826,0.00970432
8/1/94,-0.0012349,-0.0294652,-0.0097043
8/8/94,0.00757834,-0.0018706,0.00071313
8/15/94,0.00374015,0.00187062,-0.0088176
8/22/94,-0.0050679,0.01045062,0.02266707
8/29/94,0,-0.0123212,-0.0138495
9/6/94,-0.0037842,-0.0056607,0.00213238
9/12/94,-0.0234252,-0.0096016,0.00106228
9/19/94,0.01187052,-0.0315379,-0.0345853
9/26/94,-0.0065935,0.0183964,0.0022918
10/3/94,0.00267259,-0.0080801,-0.0287404
10/10/94,0.00586816,0.03271836,0.03328806
10/17/94,0.01527149,-0.0076306,-0.0601515
10/24/94,-0.0031005,0.01512935,-0.0091894
10/31/94,0.00122071,-0.0112973,-0.0123356
11/7/94,0,-0.0057608,-0.0018238
11/14/94,-0.0037842,-0.0097745,-0.0129857
11/21/94,-0.0089222,-0.0053044,0.00444954
11/28/94,0.00125338,-0.0040213,0.00555608
12/5/94,-0.0078067,-0.0206846,-0.015692
12/12/94,0.00127241,0.00630947,0.00733104
12/19/94,0.00034637,0.01031627,0.03684955
12/27/94,0.00652915,0.01338456,0.00916582
1/3/95,-0.0038828,0.00783711,0.01144864
1/9/95,0.00125999,0.00386615,-0.0087152
1/16/95,-0.0172667,-0.0354041,-0.0306075
1/23/95,-0.0166194,-0.012712,-0.0226198
1/30/95,-0.0100072,0.00640249,0.01991251
2/6/95,-0.0029203,0.00211336,0.00895946
2/13/95,-0.005771,0.00627907,0.01202503
2/21/95,-0.0135052,0.00823332,0.01567103
2/27/95,0.0060834,-0.0187494,-0.0276961
3/6/95,0,0.01670569,0.01865888
3/13/95,0.00883958,-0.014582,-0.005127
3/20/95,0.00179779,-0.0042578,0.01561771
3/27/95,0.03114911,0.02291774,0.01367166
4/3/95,0.00403666,0.00202469,-0.0036309
4/10/95,0.01338187,0.00402127,0.00242398
4/17/95,0.00125866,-0.0040213,-0.002424
4/24/95,-0.010524,0.00668159,0.01454091
5/1/95,0.00662171,-0.0100613,-0.0229264
5/8/95,-0.0400689,0.03203925,0.04020832
5/15/95,0.00863736,0.00188687,-0.0022649
5/22/95,0.0111348,-0.003782,-0.0070588
5/30/95,0.00825657,0.02401389,0.01623367
6/5/95,-0.0180301,-0.005425,-0.0091749
6/12/95,0.00135698,-0.0018235,-0.0024671
6/19/95,0.01118626,0.01437796,0.01164197
6/26/95,0.00275212,-0.0107386,-0.0046569
7/3/95,0.01604128,0.03703287,0.0366165
7/10/95,0.01679895,-0.0055823,0.00120327
7/17/95,-0.0063499,-0.0443241,-0.0107754
7/24/95,-0.0064442,0.00556399,-0.0044217
7/31/95,-0.0132999,-0.0030823,-0.010071
8/7/95,-0.0108208,-0.011281,-0.0101239
8/14/95,0.009527,0.00379299,0.00148731
8/21/95,-0.0054525,0.00748802,-0.0093804
8/28/95,-0.0040745,0.03618743,0.02308165
9/5/95,-0.0183212,0.01068222,0.00660333
9/11/95,-0.0073461,0,-0.0156893
9/18/95,-0.0117822,-0.0141109,-0.0023938
9/25/95,0.0264756,0.00171771,-0.0033365
10/2/95,0.00564345,-0.0157096,-0.0116925
10/9/95,-0.0113612,0.02475775,0.00588561
10/16/95,0.00286829,-0.0247577,-0.0120459
10/23/95,-0.0131232,-0.0035696,-0.0096056
10/30/95,0.00140693,-0.012115,-0.0011909
11/6/95,0.02300365,-0.0018468,0.01695689
11/13/95,-0.0070817,0.00184676,0.01465954
11/20/95,0.00985831,0.00609974,0.02460792
11/27/95,0.00963948,-0.0018209,-0.0021006
12/4/95,0.0053805,-0.0042788,-0.00123
12/11/95,0.00931529,-0.005564,0.01094699
12/18/95,0.00385136,0.02065566,0.01268227
12/26/95,0.00515689,-0.0108129,0.00727146
1/2/96,0.01522075,0,-0.0209845
1/8/96,-0.0152208,-0.0173741,-0.0099162
1/15/96,0.0076223,0,-0.0166815
1/22/96,-0.0037392,0.02281418,0.03308499
1/29/96,0.00625053,0.01418231,0.00722581
2/5/96,0,0.00577528,0
2/12/96,0.01000896,0.00513289,-0.0082437
2/20/96,-0.0125203,-0.0034152,0.0022024
2/26/96,-0.0025259,0.01571263,0.01462185
3/4/96,-0.0128548,-0.0033195,-0.0146219
3/11/96,0.00909374,0.01688379,0.01150627
3/18/96,0.01388549,0.01470545,0.0092805
3/25/96,0.00873519,0.00970246,-0.0011291
4/1/96,-0.0048786,0.01097013,0.01896094
4/8/96,-0.004934,-0.0124878,0
4/15/96,0.00610561,0.01689688,0.00675003
4/22/96,0.00612585,-0.0044091,-0.0125085
4/29/96,0.00365526,0.01021917,-0.0020415
5/6/96,-0.0023986,-0.0043502,-0.0140778
5/13/96,-0.006108,0.02225211,0.02908432
5/20/96,0.00485132,-0.0131188,-0.0068974
5/28/96,0.00964562,0.00426014,-0.000928
6/3/96,0,-0.0182787,0.00200812
6/10/96,0.02307061,-0.0074325,0.00291835
6/17/96,0.0099997,-0.0050266,-0.0067884
6/24/96,0.00660321,-0.0212399,-0.0203737
7/1/96,-0.0143715,-0.0134801,-0.0189868
7/8/96,-0.0124668,-0.0088522,-0.016659
7/15/96,-0.0010968,0.02073659,-0.0010627
7/22/96,-0.0011997,-0.0016016,-0.0033825
7/29/96,0.02584577,0.02796186,0.02432685
8/5/96,-0.0121482,-0.0015071,0.0116708
8/12/96,0.00106575,-0.0065919,0.00636879
8/19/96,0.01221295,0.00659187,-0.00934
8/26/96,-0.0155156,-0.00303,-0.0129449
9/3/96,0.0044623,-0.0218232,-0.0168764
9/9/96,0.00774778,0.0015957,0.01344997
9/16/96,0.01086027,0,-0.0010332
9/23/96,0.00760734,-0.0189915,-0.0168748
9/30/96,-0.016104,0.0136496,0.01687475
10/7/96,-0.0110776,0.00534194,0.00870496
10/14/96,0.01427164,-0.0031973,0.02527398
10/21/96,-0.0199182,-0.0070093,0.00711585
10/28/96,0.00448434,-0.0049197,0
11/4/96,0.02304189,0.01565681,0.01191194
11/11/96,0.0073866,-0.0037279,0.00304129
11/18/96,0.01545505,0.0105673,0.01548026
11/25/96,0.00804032,0.00827253,0.00087648
12/2/96,0.0117464,-0.0051518,-0.0085476
12/9/96,-0.0078238,-0.0052137,0
12/16/96,0.0097372,-0.0015764,-0.0116141
12/23/96,0.00667208,0.00366938,0.00486439
12/30/96,-0.0009001,0.00467267,0.01719029
1/6/97,-0.0315928,0.0132231,0.02374867
1/13/97,0.01608362,-0.0065612,-0.0070731
1/20/97,-0.0069311,0.00856028,0.01673208
1/27/97,-0.0204869,-0.0147061,-0.0250611
2/3/97,-0.0063761,0.00154462,-0.013168
2/10/97,0.03574211,0.00663058,0.015017
2/18/97,-0.0119086,0.00503244,-0.001849
2/24/97,-0.0195421,-0.0035166,-0.0045851
3/3/97,-0.0053019,-0.0081464,-0.0094653
3/10/97,-0.0043444,-0.0015446,0.01032871
3/17/97,0.0064546,-0.0051888,-0.0075405
3/24/97,-0.0085965,-0.0121748,-0.0057426
3/31/97,0.00969345,0,-0.0176979
4/7/97,0.0217237,0.01890819,-0.0081033
4/14/97,-0.0061219,0.02593573,0.02580121
4/21/97,0.02871076,0,-0.0106535
4/28/97,0.02878548,0.01146719,0.01639604
5/5/97,0.01411847,0.0229596,0.00667712
5/12/97,-0.0070019,0,-0.0144998
5/19/97,-0.0198782,0.00885443,0.01536321
5/27/97,-0.0093158,0.00131273,-0.0008634
6/2/97,0.01389989,0.00736477,-0.0058003
6/9/97,-0.0008657,0.0025698,0.00479086
6/16/97,-0.0046729,0.00424949,-0.012449
6/23/97,0.00095449,0.0029501,0.00133515
6/30/97,0,0.01078533,0.00879762
7/7/97,-0.0055977,0.00407791,-0.0150637
7/14/97,0.01206451,-0.0044878,0
7/21/97,0.0080657,0.0065125,0.01462807
7/28/97,-0.0072055,0.00522043,0.05416104
8/4/97,-0.028159,0.00397345,-0.011568
8/11/97,0.00390025,-0.0120311,-0.0181571
8/18/97,-0.0308966,0.03212659,0.03571194
8/25/97,0.00106315,0.00037748,-0.0140128
9/2/97,0.0210713,0.01882914,0.02191041
9/8/97,-0.003895,-0.0061861,0.00334122
9/15/97,0.02958882,0.00906702,0.01952485
9/22/97,0.01468618,-0.0120089,-0.0228661
9/29/97,0,0.02439289,0.0117649
10/6/97,-0.0009227,0.02507544,0.0138034
10/13/97,0.02787475,-0.0164411,-0.0030559
10/20/97,-0.0336866,-0.0089833,-0.0091785
10/27/97,-0.0257929,-0.0225705,-0.0254264
11/3/97,-0.0309637,0.0201198,0.0038152
11/10/97,0.00871347,-0.0230717,-0.0207464
11/17/97,0.01203109,-0.0052146,0.00567368
11/24/97,0.01882583,0.00112269,-0.0079374
12/1/97,-0.0047331,0.03135631,0.016247
12/8/97,-0.0038736,0.00689918,-0.0051749
12/15/97,-0.005834,-0.0100399,-0.0031348
12/22/97,0.00682631,0.00832539,0.00560052
12/29/97,0.00858722,0.01353052,0.01212301
1/5/98,-0.0183602,-0.0422928,-0.0346992
1/12/98,0.0276537,0.04890324,0.00903829
1/20/98,-0.0084036,-0.008948,-0.0033505
1/26/98,-0.0104694,0.03007482,0.00667542
2/2/98,-0.0019083,0.00373321,0.01917841
2/9/98,-0.0188632,0.01819936,0.0201861
2/17/98,-0.0092154,0.0128776,0.02148307
2/23/98,0.01925887,0.0102594,0.01815698
3/2/98,-0.0029802,0.02516768,0.03213735
3/9/98,-0.0106384,-0.0048107,-0.0140729
3/16/98,-0.0108158,0.03085812,-0.0065116
3/23/98,0.00853328,0.00965414,-0.0155474
3/30/98,-0.0178792,0.00122233,-0.005271
4/6/98,0.02547024,0.02513541,-0.0003386
4/13/98,-0.0148694,0.01760895,0.00960423
4/20/98,0.01235378,-0.0311818,-0.0092656
4/27/98,-0.0134292,0.01701505,0.00682885
5/4/98,-0.0068736,-0.0094742,0.00077681
5/11/98,-0.0005473,0.01986345,0.03461709
5/18/98,-0.0010967,0.02682751,0.01241358
5/26/98,-0.0064532,0.00748802,-0.0242446
6/1/98,-0.0087246,0.02737091,0.01994507
6/8/98,-0.0061075,-0.0242886,-0.0322156
6/15/98,0.02027764,0.02273686,-0.0149734
6/22/98,-0.0164504,0.02675165,-0.0041646
6/29/98,0.01378233,-0.0051462,0.01281526
7/6/98,-0.0038003,0,0.01447062
7/13/98,0.01491561,0.00751488,-0.008148
7/20/98,-0.0160342,-0.0093677,0.00729744
7/27/98,-0.0071521,-0.0016743,0.00759534
8/3/98,-0.0072719,-0.0387725,-0.0075953
8/10/98,-0.0244094,-0.027988,-0.017259
8/17/98,0.00244272,-0.0072329,-0.0176273
8/24/98,-0.0475769,-0.0035507,-0.0278596
8/31/98,0.02933615,-0.0563081,-0.0352029
9/8/98,0.00126832,0.01446951,0.00093239
9/14/98,-0.0163458,0.01613589,0.00476379
9/21/98,0.00294882,0.0296952,0.01091641
9/28/98,0.0174936,-0.047552,-0.0268667
10/5/98,0.02498618,0.01118626,-0.0337734
10/12/98,0.03561164,0.05999793,0.06383674
10/19/98,-0.0163065,-0.0075935,0.00994948
10/26/98,-0.0044602,0.04001708,0.02031091
11/2/98,0.02185649,-0.0025301,0.0258324
11/9/98,-0.0168302,-0.0045127,0.02342806
11/16/98,0.02625128,0.01606889,0.00985884
11/23/98,0.00212499,-0.0020957,-0.0026003
11/30/98,-0.0094649,0.00981925,-0.0119514
12/7/98,0.0052936,-0.0117333,-0.0039859
12/14/98,0.00311005,0.01545159,0.01635434
12/21/98,-0.0202076,0.01509951,0.01162027
12/28/98,0.02793016,-0.0014327,-0.0113077
1/4/99,-0.0082541,0.04430203,0.04871559
1/11/99,-0.0318098,-0.0203963,0.01733759
1/19/99,0.00887502,-0.0080538,0.03710221
1/25/99,0.02549803,0.00737418,-0.0047898
2/1/99,-0.0020317,-0.0308265,-0.0165022
2/8/99,0.00203169,0.00490118,-0.010918
2/16/99,-0.024378,0.00680558,0.00840935
2/22/99,0.0223463,0.00371572,-0.0149148
3/1/99,-0.0020412,0.00594933,0.0307586
3/8/99,0.02531258,-0.0161098,0.00183634
3/15/99,0.01549744,0.00466409,0.00397982
3/22/99,-0.0104911,-0.0121223,-0.009175
3/29/99,0.03328547,-0.0035002,-0.012485
4/5/99,-0.006815,0.03018512,0.00086668
4/12/99,0.01178107,0.02983667,0.01161833
4/19/99,-0.0164109,-0.007474,0.00577784
4/26/99,-0.0093297,0.0044025,-0.0002496
5/3/99,0.00377196,0.00628139,-0.012068
5/10/99,-0.0222133,-0.0285834,-0.0154173
5/17/99,-0.0069516,-0.0183127,0.00106271
5/24/99,0,-0.0082725,0.00053038
6/1/99,0.02061106,-0.0064016,-0.0039937
6/7/99,0.03625781,-0.0151873,-0.030371
6/14/99,-0.0080203,0.00549867,-0.0064541
6/21/99,0.00584074,-0.0130049,0.00472956
6/28/99,0.03404283,0.0314491,0.03369744
7/6/99,-0.0099356,-0.0111575,-0.0161069
7/12/99,0.01485391,-0.0152731,0.01894026
7/19/99,-0.008205,-0.0050186,-0.0222718
7/26/99,0.02720755,-0.038336,-0.0306937
8/2/99,-0.0246879,-0.0034062,-0.006327
8/9/99,-0.0025197,0.00446525,0.03094004
8/16/99,0.02176719,0.02666479,-0.0072194
8/23/99,-0.0402659,-0.0005972,0.01893018
8/30/99,0.01355703,0.00711326,0.00365262
9/7/99,-0.0105641,-0.0145476,-0.0111446
9/13/99,0.02371076,-0.0069456,0.0016761
9/20/99,-0.0190798,-0.0022711,-0.0205531
9/27/99,0.00465333,0.00820222,0.00136204
10/4/99,0.020514,0.01261234,0.03399181
10/11/99,-0.0222264,-0.0132222,-0.0348669
10/18/99,0.02344723,0.02758352,0.02505604
10/25/99,0.00712084,0.01204882,0.02947908
11/1/99,0.00707153,-0.0093844,-0.0097228
11/8/99,-0.0190281,-0.0026644,0.01788676
11/15/99,0.01784655,-0.0245429,-0.0092814
11/22/99,0.01192942,0.00161298,0.01003899
11/29/99,-0.0138399,0.01425342,0.02587357
12/6/99,0.0141595,-0.0289906,-0.0176264
12/13/99,0.10496352,0.00988011,-0.0105238
12/20/99,0.01085359,0.02318108,0.0109362
12/27/99,0.01647199,0.00403283,-0.0007426
1/3/00,-0.0539714,0.01076116,0.01253486
1/10/00,0.00845472,-0.023564,0.04115192
1/18/00,-0.0090955,-0.011167,-0.0016818
1/24/00,0.00064079,-0.008156,-0.015816
1/31/00,0.01976659,-0.008522,0.01808117
2/7/00,-0.0082353,-0.0177812,-0.044149
2/14/00,-0.0198274,-0.0266024,-0.0010501
2/22/00,-0.0110721,-0.00444,0.01906598
2/28/00,-0.001621,-0.0025914,-0.0067866
3/6/00,0.03922357,-0.0168632,0.01094624
3/13/00,0.0107638,0.03627112,0.01269206
3/20/00,0.0076194,0,0.02761903
3/27/00,0.04690852,0.0124729,-0.0132657
4/3/00,-0.025801,0.02246298,0.00940593
4/10/00,0.01659109,0.03349325,-0.0133133
4/17/00,0.01853024,0.0232982,0.03402904
4/24/00,-0.0266091,0.00091373,0.02316263
5/1/00,0.00911188,-0.0150444,-0.0358466
5/8/00,-0.0231722,0.00395072,-0.0034738
5/15/00,0.0030649,0.00056147,0.00972573
5/22/00,-0.0164717,-0.0448855,-0.0913693
5/30/00,-0.0037742,0.00165603,-0.0114295
6/5/00,0.0097839,0.0132262,-0.0003458
6/12/00,-0.0546562,-0.0447122,-0.0380324
6/19/00,0.02575057,-0.0053645,-0.0078116
6/26/00,0.02000692,0.00313733,-0.026353
7/3/00,-0.01939,0.03164208,0.01525405
7/10/00,0.00844502,0.01167474,0.01196318
7/17/00,-0.0383752,-0.0010116,-0.0129504
7/24/00,-0.0019859,-0.0071482,-0.0188875
7/31/00,0.02114981,0.0427198,0.0144169
8/7/00,-0.0003161,0,0.03092747
8/14/00,-0.0126728,-0.0208348,0.04400562
8/21/00,0.01045381,-0.0019625,0.00889996
8/30/00,0.0040596,-0.0434036,0.01009086
9/5/00,-0.0203583,0.01705006,0.0011247
9/11/00,-0.0220536,-0.002095,-0.0201155
9/18/00,-0.0122047,-0.0042206,-0.0109781
9/25/00,0.00988413,-0.0021258,-0.0211936
10/2/00,0.01419165,-0.0032083,-0.0187707
10/9/00,-0.0021447,0.00107207,-0.0330724
10/16/00,-0.0065557,-0.005387,0.00466552
10/23/00,0.00491185,0.00858742,0.01243057
10/30/00,0.00079437,0.00084948,-0.022328
11/6/00,0.01091601,-0.0042641,-0.010551
11/13/00,-0.0417466,-0.0021479,0.00588171
11/20/00,-0.0175741,-0.0155631,-0.0365479
11/27/00,-0.0015236,0.00222602,-0.0090589
12/4/00,-0.0254712,-0.0011116,0.00586971
12/11/00,0.01406637,-0.0301859,0.02325842
12/18/00,-0.0284642,0.00592498,-0.0313353
12/26/00,-0.0172788,0.01184196,0.0076194
1/2/01,0.01741819,0.04911166,0.02533825
1/8/01,-0.0433483,0.00204086,-0.0091641
1/16/01,0.05530783,-0.0010192,0.02056407
1/22/01,-0.008904,0.03167417,-0.013456
1/29/01,0.01180944,0.00018969,0.01785023
2/5/01,-0.0050122,-0.0172154,-0.0122464
2/12/01,0.01142946,0.01071905,0.001283
2/20/01,0.00211819,0.01177434,-0.0089526
2/26/01,-0.0189631,-0.00452,0.01044468
3/5/01,0.01518288,0.0305182,0.03562875
3/12/01,-0.0054292,-0.0248755,-0.0321319
3/19/01,0.03572088,-0.0081108,-0.0213054
3/26/01,-0.0154286,0.00341369,-0.002334
4/2/01,-0.0077937,-0.0049395,0.00608653
4/9/01,-0.0171094,0.01833212,0.00426479
4/16/01,-0.0015707,0.01458891,0.02883731
4/23/01,0.00415335,-0.0055257,-0.0131285
4/30/01,0.01609668,-0.0034218,0.00996037
5/7/01,-0.0094394,-0.019223,-0.0101703
5/14/01,-0.0021407,-0.0109082,0.01769517
5/21/01,0.01992285,-0.0401735,-0.0042548
5/29/01,-0.0073644,-0.0025584,0.01736212
6/4/01,-0.0116875,-0.0106063,0.00408888
6/11/01,0.0016033,0.00153113,0.00183716
6/18/01,0.005302,0.01942855,0.02493614
6/25/01,0.00815692,-0.0112096,0.01017467
7/2/01,-0.0115959,-0.0047394,-0.017247
7/9/01,0.00258174,0.02299061,0.02953087
7/16/01,-0.0035788,0.00266251,-0.0078568
7/23/01,-0.0056263,-0.0084532,-0.0143285
7/30/01,-0.010094,-0.0002082,0.00263237
8/6/01,-0.0032552,-0.0031357,0.00126511
8/13/01,-0.0135574,-0.0575725,-0.0247864
8/20/01,0.00477918,-0.0269282,-0.0184419
8/27/01,-0.0215228,-0.0111,-0.0174921
9/4/01,-0.0006714,-0.0250236,-0.0274134
9/10/01,-0.1132272,-0.087458,-0.1061545
9/24/01,0.04427242,0.05347998,0.02761392
10/1/01,0.03342051,0.00801249,-0.0054646
10/8/01,-0.0243282,0.00146771,0.01825422
10/15/01,-0.0235954,-0.0309691,-0.0285692
10/22/01,0.00135505,0.00376015,0.04049275
10/29/01,0.003414,-0.0056525,-0.0312521
11/5/01,0.0101713,0.00471551,0.01258913
11/12/01,-0.0151213,0.01505664,0.04145205
11/19/01,0.02998736,0.02064246,0.00366495
11/26/01,-0.014866,0.02517543,0.01787472
12/3/01,-0.011426,-0.0437089,0.01618952
12/10/01,-0.0243645,-0.0269681,-0.0360702
12/17/01,0.00855364,-0.0179554,-0.0015403
12/24/01,0.0117533,0.01410064,0.01458872
12/31/01,0.02593442,0.02598717,0.01020849
1/7/02,0.00119312,-0.0384245,-0.0028117
1/14/02,-0.0018764,-0.0291813,0
1/22/02,0.01155488,0.00318425,-0.0113166
1/28/02,-0.017493,0.011823,0.02289555
2/4/02,-0.0131961,-0.015718,-0.0107898
2/11/02,0.01870666,0.00740593,0.00847648
2/19/02,-0.0056839,-0.001401,0.02343459
2/25/02,0.00388343,0.03047743,0.01491507
3/4/02,0.04049357,0.03153013,0.04308996
3/11/02,0.01272551,0.00303068,0.00036611
3/18/02,-0.0208626,-0.0066956,-0.0060806
3/25/02,0.01110103,-0.0046251,0.0038793
4/1/02,-0.0124588,-0.0399073,-0.0031377
4/8/02,-0.0123327,0.00841356,0.01151606
4/15/02,0.01520307,0.02807039,0.02548452
4/22/02,-0.0066465,-0.001565,-0.0055641
4/29/02,-0.01586,-0.0031471,0.00776995
5/6/02,0.0058195,-0.0070049,0.00337187
5/13/02,0.01843179,0.02373443,0.00184343
5/20/02,-0.002381,0.02566697,-0.0065714
5/28/02,-0.0110423,-0.00201,-0.0194441
6/3/02,-0.0206468,-0.0279328,-0.02739
6/10/02,-0.0188968,-0.0178567,-0.0221122
6/17/02,-0.0093089,-0.0100288,-0.0032958
6/24/02,0.02982922,0.01321518,-0.0127159
7/1/02,-0.0067041,-0.0086573,-0.0144848
7/8/02,-0.0138162,-0.09481,-0.0450584
7/15/02,-0.0068494,-0.0077228,-0.0392549
7/22/02,-0.0201731,0.00731974,0.00489714
7/29/02,0.00539033,-0.0020209,0.00230057
8/5/02,0.02925464,-0.0215946,0.012068
8/12/02,-0.0153812,-0.0169312,0.0146282
8/19/02,0.00290317,0.01479704,0.02254003
8/26/02,0.00045187,-0.0004281,-0.0005694
9/3/02,-0.0069197,-0.0625434,-0.0191032
9/9/02,-0.0020238,0.01887482,-0.0166286
9/16/02,0.02516666,-0.0375733,-0.0115351
9/23/02,0.00130328,-0.0062415,-0.0329869
9/30/02,-0.0168946,-0.0458157,-0.0383872
10/7/02,-0.0191781,-0.0172197,-0.0194481
10/14/02,0.01962883,-0.0036496,-0.0064692
10/21/02,0.00829973,0.02377034,0.01530574
10/28/02,0.00150016,-0.0093526,-0.0189774
11/4/02,0.00707748,0.01566763,0.00510003
11/11/02,0.01078516,-0.0045836,0.01433754
11/18/02,-0.0144406,0.07201866,0.03005519
11/25/02,0.01164167,0.04712167,0.02393259
12/2/02,-0.0143596,-0.0615085,-0.0276679
12/9/02,-0.0002639,-0.0076328,-0.0085973
12/16/02,-0.0012338,0.00357867,0.00628259
12/23/02,0.01072171,-0.0092626,-0.0061354
12/30/02,0.01464576,0.00465597,0.02320226
1/6/03,-0.0078965,0.03507865,0.00636847
1/13/03,-0.0083019,-0.0139874,0.00978427
1/21/03,-0.0123579,-0.0180148,-0.0274558
1/27/03,-0.0249753,-0.0247034,-0.0144075
2/3/03,0.01517502,-0.0154138,-0.0037151
2/10/03,0.00018183,-0.0050729,-0.0306033
2/18/03,-0.0042014,-0.01324,0.01169143
2/24/03,-0.0140844,-0.0058848,-0.002972
3/3/03,0.00028432,-0.0616469,-0.0356393
3/10/03,-0.0082252,-0.0289402,0.01226285
3/17/03,0.01284285,0.07428774,0.0419645
3/24/03,-0.0068022,-0.0338915,-0.015772
3/31/03,-0.0253897,0.02707162,0.01138896
4/7/03,-0.0220533,0.01171341,-0.0007602
4/14/03,0.01615827,0.06485632,0.00664441
4/21/03,-0.0094134,0.02444506,0.00298691
4/28/03,0.02449812,0.00785187,0.00222678
5/5/03,0.01800543,-0.0063688,0.00206807
5/12/03,-0.0118228,0.00539503,-0.013166
5/19/03,0.00048693,-0.0204588,-0.0148333
5/27/03,0.01558217,0.04092795,0.02622722
6/2/03,0.02535016,0.00874602,0.00500209
6/9/03,0.01127874,0.01035692,0.00552323
6/16/03,0.01141377,0.02127405,0.02783009
6/23/03,-0.0101211,-0.0190549,-0.0288423
6/30/03,0.01861246,-0.0062425,-0.0040725
7/7/03,0.01347387,0.01630724,-0.0004386
7/14/03,-0.0207899,-0.0113949,0.00160607
7/21/03,-0.0050598,-0.000889,0.01164707
7/28/03,-0.0183654,0.00133287,0.00493762
8/4/03,0.00719599,-0.0076076,-0.0033797
8/11/03,0.03235871,0.0022514,0.00728981
8/18/03,0.00394048,0.01803406,0.01810673
8/25/03,-0.0041829,0.01273682,0.02625834
9/2/03,0.02702731,0.00623102,0.00647841
9/8/03,0.03057042,-0.0049776,-0.0018589
9/15/03,0.00813493,-0.0033504,0.00358668
9/22/03,-0.0269416,-0.0193434,-0.0151652
9/29/03,0.01382293,0.01554301,0.01058385
10/6/03,0.00313932,0.01088934,0.01396329
10/13/03,-0.0034975,0.01583858,0.00348158
10/20/03,-0.0195691,-0.0084566,-0.0132332
10/27/03,-0.0106245,0.01203109,0.00854457
11/3/03,0.03821729,0.00197317,0.00253093
11/10/03,-0.007952,0.0267225,-0.001565
11/17/03,-0.0228009,-0.0208562,-0.0068069
11/24/03,0.00398404,0.0289261,0.01196213
12/1/03,0.02486515,-0.0076998,0.03203994
12/8/03,0.01860411,0.0244535,0.03384996
12/15/03,0.01431687,0.04544267,0.00498902
12/22/03,-0.0050734,0.02597681,0.0219118
12/29/03,0.01086447,-0.0026781,0.00545207
1/5/04,0.00283475,0.01293864,0.00142345
1/12/04,-0.0028994,-0.0114488,0.00207933
1/20/04,-0.0011004,-0.0081067,-0.0026481
1/26/04,-0.0152353,-0.0343582,-0.0341301
2/2/04,0.01478143,-0.0076107,-0.0092307
2/9/04,-0.0044343,0.00233045,0.00665758
2/17/04,0.0066991,-0.0056815,-0.003316
2/23/04,0.00045155,-0.0133219,-0.0035512
3/1/04,0.00874427,0.0109607,0.00240549
3/8/04,-0.0029801,-0.0257797,-0.0277785
3/15/04,0.0020312,-0.0072384,-0.0027886
3/22/04,0.01823003,0.00723841,0.00644234
3/29/04,0.00441035,0.01203501,0.00775839
4/5/04,0.00144025,-0.0020997,-0.0007588
4/12/04,-0.0070059,-0.0081444,-0.003267
4/19/04,0.01713168,0.07075976,0.02742709
4/26/04,-0.0148242,-0.0067334,-0.0157791
5/3/04,-0.0213498,-0.0280287,-0.0266616
5/10/04,-0.0101692,0.00879367,0.00248233
5/17/04,0.00755314,-0.0137571,-0.0126719
5/24/04,0.01884858,0.01824761,0.02279159
6/1/04,0.01303887,0.00191039,0.007843
6/7/04,0.0105164,0.01895969,0.01693783
6/14/04,0.01629151,0.00843317,-0.0007274
6/21/04,0.00250861,-0.0008958,-0.0030265
6/28/04,0.00962023,-0.025545,-0.0225686
7/6/04,-0.0137532,0.00598168,-0.0097047
7/12/04,0.00229475,-0.0088441,-0.0062489
7/19/04,-0.0122855,-0.0051358,-0.0068049
7/26/04,0.01540033,0.00417749,0.00220307
8/2/04,-0.0325003,-0.0196251,-0.0169825
8/9/04,0.00628564,-0.0084463,-0.0032595
8/16/04,0.00538268,0.00978258,0.00673338
8/23/04,0.02077654,0.00033343,0.00439225
8/30/04,-0.0151727,0.00265828,0.00807414
9/7/04,-0.0002871,-0.0076868,0.00150455
9/13/04,-0.0032864,0.00801797,-0.0064013
9/20/04,-0.0089464,-0.0131054,-0.0072118
9/27/04,0.01674694,0.01211124,0.01832443
10/4/04,0,-0.0073611,-0.0170151
10/11/04,-0.0114621,-0.0221521,-0.0273478
10/18/04,-0.0014616,-0.0093323,-0.0129765
10/25/04,0.01332137,0.00540847,0.00839555
11/1/04,0.00564247,0.0250624,0.01951089
11/8/04,-0.0020229,0.01299482,0.00450176
11/15/04,-0.0063543,-0.002304,-0.0143978
11/22/04,-0.0036156,0.00295999,0.00361343
11/29/04,-0.0031812,0.00196218,-0.0072572
12/6/04,-0.005668,-0.0029466,0.00401895
12/13/04,0.01246476,0.00359869,-0.0035145
12/20/04,0.01105968,0.01378828,0.01340215
12/27/04,0.0150036,-0.0047603,0.00255862
1/3/05,-0.0131134,0.00031898,-0.0116968
1/10/05,0.01111741,-0.0179015,-0.0213578
1/18/05,-0.0145704,-0.0302719,-0.0138517
1/24/05,-0.0097827,0.00425435,0.0080452
1/31/05,0.00877507,0.00281325,0.00685396
2/7/05,0.00262617,-0.0052899,0.00494113
2/14/05,0.00033412,-0.0035627,0.00180634
2/22/05,-0.0086581,0.0014286,-0.0047903
2/28/05,0.00653765,-0.0204412,-0.0247776
3/7/05,0.00039138,-0.0003739,-0.006247
3/14/05,-0.0127601,-0.0366678,-0.0792372
3/21/05,-0.0100726,-0.0036788,0.0102816
3/28/05,-0.0003536,-0.004539,0.00114568
4/4/05,0.00863832,-0.0058464,0.00179427
4/11/05,-0.0181142,-0.0647103,-0.0616348
4/18/05,-0.0013276,0.01768973,0.0189053
4/25/05,0.00156851,-0.0310689,-0.000899
5/2/05,0.00958852,0.02966118,0.0617998
5/9/05,-0.0167531,-0.0206961,0.00311101
5/16/05,0.00505176,0.03137407,0.03411781
5/23/05,0.0001815,0.0031984,-0.0153116
5/31/05,-0.0032177,-0.0078088,-0.0124975
6/6/05,-0.0041636,0.01859926,0.04755632
6/13/05,0.00997443,0.0382324,0.01454067
6/20/05,-0.0067259,-0.0431448,-0.0199134
6/27/05,0.00273927,0.00402334,0.00714904
7/5/05,0.00853235,0.00486734,0.00040888
7/11/05,0.00819281,0.02355057,0.02501275
7/18/05,0.0031416,-0.0114017,-0.0058261
7/25/05,0.00190874,0.00468132,0.00672536
8/1/05,-0.0045252,-0.0155122,-0.0195561
8/8/05,0.02756558,-0.0093114,-0.0018836
8/15/05,-0.0043455,-0.0164421,-0.0132797
8/22/05,0.01510269,0.00046523,0.00812561
8/29/05,0.00026688,0.00370403,-0.0159813
9/6/05,0.01608003,0.00184023,-0.00613
9/12/05,0.0080998,0.00137508,0.00043049
9/19/05,-0.0005555,-0.0059904,-0.0192074
9/26/05,0.03133559,0.00277505,-0.0064945
10/3/05,-0.0084986,-0.0285823,-0.0341792
10/10/05,0.00727447,-0.0300688,-0.0048007
10/17/05,-0.0233423,-0.0188736,0.00430654
10/24/05,0.01926838,-0.0066645,-0.0156051
10/31/05,0.0047335,0.01431265,-0.007931
11/7/05,-0.0058295,-0.01712,-0.0308216
11/14/05,0.03500428,0.02303617,-0.0077269
11/21/05,-0.001676,-0.0042947,-0.0220363
11/28/05,-0.0020375,-0.0087189,-0.0150614
12/5/05,-0.0038798,0.00109948,0.01626
12/12/05,0.00591733,0.00653906,-0.0200039
12/19/05,0.02322984,-0.0216222,-0.065487
12/27/05,0.00391973,-0.0097728,0.0133934
1/3/06,0.01090405,0.04260661,0.03002602
1/9/06,-0.0123177,0.0015783,-0.009106
1/17/06,-0.007223,-0.0344122,-0.007014
1/23/06,-0.0005084,0.04479005,0.0744415
1/30/06,0.00084707,-0.0199349,-0.0118832
2/6/06,0.00274163,0.0005365,-0.0247887
2/13/06,0.02153154,0.00902049,0.00602187
2/21/06,0.00063973,-0.0182323,-0.0401571
2/27/06,-0.0120724,-0.029455,-0.0173049
3/6/06,0.00392585,0.01554301,0.05185812
3/13/06,0.00614425,-0.0016998,-0.0103585
3/20/06,-8.03E-05,0.01506375,0.03016285
3/27/06,0.0028809,-0.0071877,-0.0273905
4/3/06,0.02025777,-0.0199645,-0.0374988
4/10/06,-0.0037462,-0.0142404,0.01948649
4/17/06,0.01653543,-0.0018133,0.02851316
4/24/06,-0.0014067,-0.0166701,0.02125846
5/1/06,0.02289331,-0.0012607,0.00569253
5/8/06,-0.0435083,0.01121626,0.05557193
5/15/06,-0.007016,-0.0049493,-0.024168
5/22/06,0.0011838,0.0170812,0.05608296
5/30/06,-0.0026086,-0.0127475,-0.025274
6/5/06,-0.0372303,-0.0214666,-0.0191746
6/12/06,0.00051799,-0.0045544,0.00421819
6/19/06,-0.0042485,-0.0112638,0.02266102
6/26/06,0.02083857,0.02668416,0.0432601
7/3/06,-0.0008729,-0.012812,-0.0045318
7/10/06,-0.0275685,-0.0233728,-0.0306688
7/17/06,0.00362025,-0.0069157,0.02316363
7/24/06,0.0289949,0.04056806,0.04779209
7/31/06,0.01032245,0.01803343,-0.0172216
8/7/06,-0.0026991,0.01437796,-0.010346
8/14/06,0.01696028,0.0356225,0.00629529
8/21/06,-0.0224503,0,-0.0178014
8/28/06,0.00955244,0.01441552,0.01371256
9/5/06,-0.0085713,0.02549408,0.02355831
9/11/06,-0.0008174,-0.0388252,-0.0040491
9/18/06,0.00346345,-0.0010844,-0.0145492
9/25/06,0.00760352,0.00485854,0.03603227
10/2/06,0.02067625,0.0116525,-0.0298393
10/9/06,0.007502,-0.007379,0.02621957
10/16/06,-0.0022483,-0.0085895,0.00455324
10/23/06,0.0126986,0.01492201,0.00765878
10/30/06,-0.0050276,0.00468949,0.00390907
11/6/06,0.01508975,0.01024327,0.00554234
11/13/06,0.00376261,0.01541447,0.01175036
11/20/06,-0.0153599,-0.0184622,-0.0540918
11/27/06,0.00505994,-0.0251835,-0.022009
12/4/06,0.00714299,-0.0461178,-0.0016369
12/11/06,0.0132183,-0.009105,-0.0046465
12/18/06,0.02073519,0.02037065,0.00240441
12/26/06,0.00783063,0.00523603,0.01877054
1/3/07,-0.001912,0.00631503,-0.0069442
1/8/07,-0.0092899,0.01512203,0.00737458
1/16/07,0.00475185,0.02200109,0.01104198
1/22/07,-0.0026005,0.006234,0.0186057
1/29/07,-0.0008924,-0.0099123,0.00080276
2/5/07,0.00260581,0.02561441,0.03811148
2/12/07,0.01642452,-0.0100652,0.00692359
2/20/07,-0.0052565,-0.0118709,-0.0256892
2/26/07,-0.0210467,-0.0388363,-0.0487938
3/5/07,0.01341595,0.01903141,0.00526079
3/12/07,-0.0106994,-0.0213262,-0.0262141
3/19/07,0.01082986,0.01913005,0.03998475
3/26/07,-0.0166865,0,-0.0187454
4/2/07,-0.0056963,0.00655551,0.01751142
4/9/07,-0.0174084,0.00054185,0.00164454
4/16/07,0.01548144,-0.0148727,-0.0045375
4/23/07,-0.0137694,0.01649418,-0.0016618
4/30/07,-0.0038258,0.00907594,-0.0095392
5/7/07,-0.00357,0.00785364,-0.0167724
5/14/07,0.0067902,0.01629432,0.02838791
5/21/07,-0.006573,-0.0121631,-0.0134632
5/29/07,0.01051196,-0.0051702,0.00014242
6/4/07,0.00530169,-0.0057593,0.00706185
6/11/07,0.00347577,0.03443764,0.04846687
6/18/07,-0.0084949,0.01010592,0.00991017
6/25/07,0.00998101,0.01358013,0.02775307
7/2/07,0.00120585,-0.0145325,-0.0153179
7/9/07,-0.000861,-0.0067259,0.00637985
7/16/07,-0.0107144,-0.0285132,-0.0254795
7/23/07,-0.0086723,-0.0088795,-0.0503138
7/30/07,-0.0057331,-0.0090648,0.01293212
8/6/07,0.00323871,0.01690898,0.03651028